<?xml version="1.0" ?>
<LOG_ROOT>
	<PROJECT NAME="dec38_e">
		<CBX_INST_ENTRY INSTANCE_NAME="|dec38_e|lpm_mux:Mux1" CBX_FILE_NAME="mux_5oc.tdf"/>
		<CBX_INST_ENTRY INSTANCE_NAME="|dec38_e|lpm_mux:Mux3" CBX_FILE_NAME="mux_5oc.tdf"/>
		<CBX_INST_ENTRY INSTANCE_NAME="|dec38_e|lpm_mux:Mux5" CBX_FILE_NAME="mux_5oc.tdf"/>
		<CBX_INST_ENTRY INSTANCE_NAME="|dec38_e|lpm_mux:Mux7" CBX_FILE_NAME="mux_5oc.tdf"/>
		<CBX_INST_ENTRY INSTANCE_NAME="|dec38_e|lpm_mux:Mux0" CBX_FILE_NAME="mux_5oc.tdf"/>
		<CBX_INST_ENTRY INSTANCE_NAME="|dec38_e|lpm_mux:Mux2" CBX_FILE_NAME="mux_5oc.tdf"/>
		<CBX_INST_ENTRY INSTANCE_NAME="|dec38_e|lpm_mux:Mux4" CBX_FILE_NAME="mux_5oc.tdf"/>
		<CBX_INST_ENTRY INSTANCE_NAME="|dec38_e|lpm_mux:Mux6" CBX_FILE_NAME="mux_5oc.tdf"/>
	</PROJECT>
</LOG_ROOT>
